Split,Samples,Percentage,Features,Class_0_Count,Class_0_Pct,Class_1_Count,Class_1_Pct
Train,1270,63.97984886649874,26,583,45.90551181102362,687,54.09448818897638
Validation,318,16.02015113350126,26,146,45.911949685534594,172,54.088050314465406
Test,397,20.0,26,182,45.843828715365234,215,54.15617128463476
Total,1985,100.0,26,911,45.89420654911839,1074,54.10579345088161
